seqIndex,prediction,distToMargin,P(-1),P(+1)
22,1,1.72823817968159,0.00327271371365842,0.9967272862863416
19,1,1.7111368480255933,0.0034615620625123773,0.9965384379374878
20,1,1.676281075888082,0.003880749665505062,0.996119250334495
21,1,1.6649549843662304,0.00402756139211742,0.9959724386078825
42,1,1.6615174555909566,0.004073204153407897,0.995926795846592
41,1,1.6194926868571922,0.004674632997870819,0.9953253670021291
62,1,1.6025363977850433,0.004941622470838096,0.9950583775291617
40,1,1.537217871103187,0.006119627720273017,0.9938803722797271
61,1,1.454602253821494,0.00801653848355079,0.9919834615164492
81,1,1.4433979498073404,0.008315171790631501,0.9916848282093684
63,1,1.4362801174910467,0.008510588572906912,0.991489411427093
60,1,1.4146772931227511,0.009131986215091375,0.9908680137849085
43,1,1.41326710382675,0.009174078016141604,0.9908259219838583
82,1,1.3982962022626244,0.009632954601308372,0.9903670453986915
80,1,1.34111478399981,0.011604382663334186,0.9883956173366656
99,1,1.3320357015663744,0.011952127885323188,0.9880478721146768
79,1,1.2956709817366108,0.01345109100094961,0.9865489089990503
97,1,1.285221870751407,0.013915099813920266,0.9860849001860796
100,1,1.2496856673562426,0.015614253039338603,0.9843857469606613
98,1,1.227622141556638,0.016770254457596084,0.983229745542404
2,1,0.4913548408294447,0.16135303913242066,0.8386469608675793
1,1,0.45158001291351924,0.17990459902837955,0.8200954009716204
36,1,0.43022606864608093,0.1905278522358034,0.8094721477641965
4,1,0.4069838363691042,0.20262396067702576,0.7973760393229742
23,1,0.3872841412947637,0.21331405267690942,0.7866859473230904
3,1,0.37659574128409895,0.2192824332724591,0.7807175667275409
96,1,0.36214117421467173,0.2275419401351645,0.7724580598648356
56,1,0.35710417288676793,0.2304708561082281,0.7695291438917716
14,1,0.3338924716230002,0.24430504096572486,0.7556949590342753
26,1,0.3202962826710064,0.2526637653800075,0.7473362346199925
25,1,0.3065337507774677,0.2613146386561044,0.7386853613438956
24,1,0.29954305449835167,0.26578126615329856,0.7342187338467017
95,1,0.28642846604288674,0.27429065895974986,0.7257093410402501
77,1,0.2708957172289867,0.2845850495869666,0.7154149504130334
35,1,0.2669789252235822,0.2872173054512083,0.7127826945487915
75,1,0.2500886473155386,0.29873273461740874,0.7012672653825912
5,1,0.24639793273639166,0.301283973307323,0.698716026692677
76,1,0.23124014689075392,0.31189025315760366,0.6881097468423962
45,1,0.23035240976252358,0.31251772618356355,0.6874822738164365
92,1,0.21915852276501246,0.32048830908767456,0.6795116909123255
57,1,0.21178044855481623,0.325800079756842,0.6741999202431581
15,1,0.21155322105676735,0.3259643913515737,0.6740356086484266
44,1,0.20986314387484692,0.3271878517455018,0.6728121482544983
46,1,0.197129389925707,0.3364807487038,0.6635192512962
55,1,0.1624449361886563,0.35924776476075876,0.6407522352392414
13,1,0.1560098621258799,0.36458079841849433,0.6354192015815057
64,1,0.14569576299326586,0.37310213620558036,0.6268978637944196
18,1,0.13957411562266248,0.3781457803446777,0.6218542196553223
94,1,0.13215775852213107,0.38424385590609617,0.6157561440939039
93,1,0.12305966335290958,0.39170887567990115,0.608291124320099
73,1,0.11206768149996518,0.40070923663343755,0.5992907633665624
65,1,0.10673380282807027,0.4050710900439467,0.5949289099560532
90,1,0.09330628959355837,0.41604129685658386,0.5839587031434162
47,1,0.08466997035911325,0.42309318713096916,0.5769068128690308
37,1,0.07884053356245727,0.4278530325800669,0.5721469674199332
39,1,0.0692359714445693,0.4356973226814355,0.5643026773185643
12,1,0.06660019444908809,0.4378507781680307,0.5621492218319692
49,1,0.057426870443747835,0.4453490686558751,0.5546509313441249
34,1,0.053088350843520093,0.4488976892393859,0.5511023107606141
53,1,0.04487192100427401,0.455622907916552,0.5443770920834479
74,1,0.036317816102184985,0.4626316440423908,0.5373683559576093
86,1,0.029367359424847472,0.4683319849118121,0.5316680150881878
78,1,0.02441540135526061,0.4723962566745929,0.5276037433254072
83,1,0.01464248738123741,0.4804240208979208,0.5195759791020792
27,-1,-0.004309844314380517,0.5,0.5
91,-1,-0.006664428918137831,0.5,0.5
59,-1,-0.01186958086152415,0.5,0.5
48,-1,-0.03478832707000378,0.5210781000999932,0.47892189990000683
68,-1,-0.05673777940119794,0.5390576175984755,0.4609423824015246
54,-1,-0.07266081951463094,0.5520166535876477,0.4479833464123522
72,-1,-0.07443395086138363,0.5534538196430113,0.44654618035698873
17,-1,-0.08135687511024492,0.5590518186180029,0.44094818138199715
58,-1,-0.09353638307109052,0.5688432639876043,0.43115673601239546
66,-1,-0.10446991806569259,0.5775616229379518,0.4224383770620484
84,-1,-0.10679727203627806,0.5794077842160387,0.42059221578396144
8,-1,-0.11183122422377066,0.5833885604588274,0.41661143954117263
85,-1,-0.12933403456452214,0.5970872140862554,0.40291278591374463
71,-1,-0.13302337415537124,0.5999444256441059,0.4000555743558941
32,-1,-0.1384764415301509,0.604147038861036,0.39585296113896384
33,-1,-0.14351227909001202,0.6080057417781322,0.3919942582218679
6,-1,-0.14723217671149033,0.6108419670756686,0.3891580329243313
88,-1,-0.14924682121187283,0.6123729222204966,0.3876270777795035
38,-1,-0.15243129677128264,0.6147854331779078,0.3852145668220922
28,-1,-0.17111262494550827,0.628749577683989,0.371250422316011
87,-1,-0.17181179728771723,0.6292657979987575,0.37073420200124246
67,-1,-0.18038373413725745,0.6355562906058629,0.364443709394137
69,-1,-0.231787623402248,0.6717618340545243,0.32823816594547567
52,-1,-0.2501775500474536,0.68854980018036,0.3114501998196401
16,-1,-0.25352107833787646,0.690905034052296,0.30909496594770397
51,-1,-0.3407187864710365,0.7486405971036961,0.2513594028963038
11,-1,-0.34605320725206556,0.7519303346475458,0.24806966535245448
10,-1,-0.34615364972697166,0.7519919999639668,0.24800800003603313
29,-1,-0.3964760846877894,0.7815814889459991,0.21841851105400073
89,-1,-0.40072441474768533,0.7839592931219432,0.21604070687805663
30,-1,-0.4147023686979349,0.7916500252656401,0.20834997473436
31,-1,-0.46503996013431886,0.817662723599995,0.18233727640000488
9,-1,-0.5365640371317583,0.8501810366600552,0.14981896333994477
70,-1,-0.6101587175333528,0.8784964027514969,0.12150359724850303
7,-1,-0.6524696574794224,0.8925963182100516,0.10740368178994832
50,-1,-0.6905945932048612,0.9040478966330493,0.09595210336695076
